Categoria,Producto,Dimensiones,Material/Tipo,Precio_Actual_CLP,Competencia_Minimo_CLP,Competencia_Promedio_CLP,Competencia_Maximo_CLP,Brecha_vs_Promedio_Pct,Precio_Sugerido_Minorista_CLP,Notas_Competencia
"Decoración Yeso y Cemento","Porta Vela contraluz","4 cm × 5 cm","Yeso",490,2500,3900,5500,-87%,2490,"Portavelas calados o con siluetas en yeso/cemento en tiendas de deco e Instagram rondan $3.500-$4.500."
"Decoración Yeso y Cemento","Porta Vela contraluz","4 cm × 5 cm","Cemento",1190,2500,3900,5500,-69%,3490,"Portavelas calados o con siluetas en yeso/cemento en tiendas de deco e Instagram rondan $3.500-$4.500."
"Decoración Yeso y Cemento","Corazón portavela / Joyero","11 cm × 9,5 cm","Yeso",1490,3500,4990,7000,-70%,3490,"Platos y joyeros en forma de corazón en cemento/jesmonite en MercadoLibre y tiendas artesanales."
"Decoración Yeso y Cemento","Corazón portavela / Joyero","11 cm × 9,5 cm","Cemento",3490,3500,4990,7000,-30%,4990,"Platos y joyeros en forma de corazón en cemento/jesmonite en MercadoLibre y tiendas artesanales."
"Decoración Yeso y Cemento","Flor portavela / Joyero","10 cm × 10 cm","Yeso",1490,3500,4990,6500,-70%,3490,"Joyeros florales decorativos en cemento artesanal."
"Decoración Yeso y Cemento","Flor portavela / Joyero","10 cm × 10 cm","Cemento",3490,3500,4990,6500,-30%,4990,"Joyeros florales decorativos en cemento artesanal."
"Decoración Yeso y Cemento","Mariposa portavela / Joyero","10 cm × 10 cm","Yeso",1490,3500,4990,6500,-70%,3490,"Modelos de mariposa para joyas o velas en tiendas de Instagram."
"Decoración Yeso y Cemento","Mariposa portavela / Joyero","10 cm × 10 cm","Cemento",3490,3500,4990,6500,-30%,4990,"Modelos de mariposa para joyas o velas en tiendas de Instagram."
"Decoración Yeso y Cemento","Tortuga con Tapa (Alhajero Escultural)","14 cm × 10 cm × 5 cm","Yeso",2100,5990,8500,12000,-75%,5990,"Cajas escultóricas con tapa de 2 piezas (alta demanda en regalos)."
"Decoración Yeso y Cemento","Tortuga con Tapa (Alhajero Escultural)","14 cm × 10 cm × 5 cm","Cemento",4990,5990,8500,12000,-41%,7990,"Cajas escultóricas con tapa de 2 piezas (alta demanda en regalos)."
"Decoración Yeso y Cemento","Portavela tipo Tai Chi (Yin Yang)","Ø 9 cm","Yeso",1590,3990,5500,7500,-71%,3990,"Portavelas místico/espiritual Yin Yang."
"Decoración Yeso y Cemento","Portavela tipo Tai Chi (Yin Yang)","Ø 9 cm","Cemento",3790,3990,5500,7500,-31%,5290,"Portavelas místico/espiritual Yin Yang."
"Decoración Yeso y Cemento","Portavela Cuerda Cáñamo","Ø 6 cm × 3 cm","Yeso",590,2200,3200,4500,-82%,2490,"Portavela pequeño para vela de noche/tealight."
"Decoración Yeso y Cemento","Portavela Cuerda Cáñamo","Ø 6 cm × 3 cm","Cemento",1290,2200,3200,4500,-60%,3290,"Portavela pequeño para vela de noche/tealight."
"Decoración Yeso y Cemento","Portavela Infinito "Tú & Yo"","16,5 cm × 6 cm","Yeso",1790,4500,6200,8500,-71%,4490,"Muy cotizado para matrimonios, aniversarios y San Valentín."
"Decoración Yeso y Cemento","Portavela Infinito "Tú & Yo"","16,5 cm × 6 cm","Cemento",4290,4500,6200,8500,-31%,5990,"Muy cotizado para matrimonios, aniversarios y San Valentín."
"Decoración Yeso y Cemento","Buda Escultura / Portavela","9,5 cm × 6 cm","Yeso",1290,3990,5900,8900,-78%,3990,"Figuras de Buda en yeso o cemento pulido en ferias y tiendas holísticas."
"Decoración Yeso y Cemento","Buda Escultura / Portavela","9,5 cm × 6 cm","Cemento",2990,3990,5900,8900,-49%,5490,"Figuras de Buda en yeso o cemento pulido en ferias y tiendas holísticas."
"Decoración Yeso y Cemento","Portavela tipo Flor de Loto","Ø 8 cm × 4,5 cm","Yeso",990,3200,4800,6500,-79%,3490,"Clásico portavela de loto para meditación y relajación."
"Decoración Yeso y Cemento","Portavela tipo Flor de Loto","Ø 8 cm × 4,5 cm","Cemento",2390,3200,4800,6500,-50%,4790,"Clásico portavela de loto para meditación y relajación."
"Decoración Yeso y Cemento","Bandeja Corazón Mediana","12 cm × 11,5 cm × 1,5 cm","Yeso",1290,3990,5900,7990,-78%,4290,"Bandejas en cemento/jesmonite para veladores y cosméticos."
"Decoración Yeso y Cemento","Bandeja Corazón Mediana","12 cm × 11,5 cm × 1,5 cm","Cemento",2990,3990,5900,7990,-49%,5690,"Bandejas en cemento/jesmonite para veladores y cosméticos."
"Decoración Yeso y Cemento","Bandeja Redonda Individual (Posavasos)","Ø 8 cm × 1 cm","Yeso",490,1990,2990,4200,-84%,2190,"Posavasos o platos base individuales en cemento/yeso."
"Decoración Yeso y Cemento","Bandeja Redonda Individual (Posavasos)","Ø 8 cm × 1 cm","Cemento",990,1990,2990,4200,-67%,2990,"Posavasos o platos base individuales en cemento/yeso."
"Decoración Yeso y Cemento","Bandeja Redonda Mediana","Ø 11 cm × 1 cm","Yeso",990,3500,4990,6990,-80%,3690,"Bandeja plato redondo 11-12cm."
"Decoración Yeso y Cemento","Bandeja Redonda Mediana","Ø 11 cm × 1 cm","Cemento",1990,3500,4990,6990,-60%,4990,"Bandeja plato redondo 11-12cm."
"Decoración Yeso y Cemento","Gatito Portavelas","10 cm × 6 cm","Yeso",1590,4500,6500,9000,-76%,4490,"Figuras felinas escultóricas para amantes de las mascotas."
"Decoración Yeso y Cemento","Gatito Portavelas","10 cm × 6 cm","Cemento",3890,4500,6500,9000,-40%,5990,"Figuras felinas escultóricas para amantes de las mascotas."
"Decoración Yeso y Cemento","Bandeja Hoja Tropical (Costilla de Adán / Monstera)","21,2 cm × 12,2 cm","Yeso",1690,4990,7500,11000,-77%,4990,"Bandeja hoja grande en MercadoLibre y tiendas deco."
"Decoración Yeso y Cemento","Bandeja Hoja Tropical (Costilla de Adán / Monstera)","21,2 cm × 12,2 cm","Cemento",3990,4990,7500,11000,-47%,6990,"Bandeja hoja grande en MercadoLibre y tiendas deco."
"Decoración Yeso y Cemento","Hornillo Aromático Difusor","Ø 8 cm × 7,5 cm","Yeso",2990,8990,12990,18990,-77%,7990,"Hornillos en cemento refractario/yeso sellado en tiendas de aromaterapia."
"Decoración Yeso y Cemento","Hornillo Aromático Difusor","Ø 8 cm × 7,5 cm","Cemento",6990,8990,12990,18990,-46%,10990,"Hornillos en cemento refractario/yeso sellado en tiendas de aromaterapia."
"Decoración Yeso y Cemento","Bandeja Ovalada Clásica","17,5 cm × 9 cm × 1,5 cm","Yeso",1690,4990,6990,9990,-76%,4690,"El producto más vendido en decoración jesmonite/cemento en Chile."
"Decoración Yeso y Cemento","Bandeja Ovalada Clásica","17,5 cm × 9 cm × 1,5 cm","Cemento",3990,4990,6990,9990,-43%,6490,"El producto más vendido en decoración jesmonite/cemento en Chile."
"Decoración Yeso y Cemento","Bandeja Ovalada Doble Cavidad","17,5 cm × 9 cm × 1,5 cm","Yeso",1790,5500,7500,10500,-76%,4990,"Diseño diferenciado de doble nivel/compartimento."
"Decoración Yeso y Cemento","Bandeja Ovalada Doble Cavidad","17,5 cm × 9 cm × 1,5 cm","Cemento",4190,5500,7500,10500,-44%,6790,"Diseño diferenciado de doble nivel/compartimento."
"Decoración Yeso y Cemento","Bandeja Nube Decorativa","19 cm × 13,5 cm × 1,5 cm","Yeso",1990,5990,8500,12500,-77%,5490,"Tendencia estética nórdica/kawaii en decoración de dormitorios."
"Decoración Yeso y Cemento","Bandeja Nube Decorativa","19 cm × 13,5 cm × 1,5 cm","Cemento",4690,5990,8500,12500,-45%,7490,"Tendencia estética nórdica/kawaii en decoración de dormitorios."
"Decoración Yeso y Cemento","Caja Redonda con Tapa (Alhajero)","Ø 5,5 cm × 3,5 cm","Yeso",590,2990,4500,6500,-87%,2990,"Cajitas con tapa para aros y anillos."
"Decoración Yeso y Cemento","Caja Redonda con Tapa (Alhajero)","Ø 5,5 cm × 3,5 cm","Cemento",1290,2990,4500,6500,-71%,4290,"Cajitas con tapa para aros y anillos."
"Decoración Yeso y Cemento","Caja Cuadrada con Tapa (Alhajero)","6 cm × 4 cm","Yeso",790,3200,4990,6990,-84%,3290,"Alhajero geométrico con tapa."
"Decoración Yeso y Cemento","Caja Cuadrada con Tapa (Alhajero)","6 cm × 4 cm","Cemento",1890,3200,4990,6990,-62%,4690,"Alhajero geométrico con tapa."
"Velas Artesanales","Luna Vela Soja","5,5 cm","soja molde",300,2200,3500,4990,-91%,2990,"Vela temática astral/lunar en cera de soja."
"Velas Artesanales","Rosa Vela Soja","5 cm ancho × 3 cm alto","soja molde",350,2500,3800,5000,-91%,3290,"Muy vendida para eventos, Día de la Madre y recuerdos."
"Velas Artesanales","Nube Vela Soja (Chica)","4,5 cm × 2 cm","soja molde",200,1500,2500,3500,-92%,1990,"Recuerdo mini nube para baby showers."
"Velas Artesanales","Nube Vela Soja (Mediana)","6,5 cm × 2,5 cm","soja molde",400,2900,3990,5500,-90%,3490,"Formato mediano estándar."
"Velas Artesanales","Nube Vela Soja (Grande)","8 cm × 3,5 cm","soja molde",600,4500,6200,8500,-90%,4990,"Vela nube de mesa protagonista."
"Velas Artesanales","Corazón Textura Vela Soja","6 cm × 1,5 cm","soja molde",890,2800,3900,5500,-77%,3490,"Diseño geométrico romántico en cera pura."
"Velas Artesanales","Cilindro Ovalado Vela Soja (Pilar Acanalado)","10 cm alto","soja molde",1600,5500,7900,11000,-80%,6990,"Vela pilar / acanalada escandinava de 10 cm."
"Velas Artesanales","Corazón "Love" Vela Soja","6 cm alto","soja molde",1400,3500,4900,6900,-71%,4490,"Diseño especial parejas y San Valentín."
"Velas Artesanales","Margarita Vela Soja","6 cm","soja molde",700,2800,3990,5500,-82%,3490,"Muy vendida en ferias y cajas de regalo."
"Velas Artesanales","Osito Vela Soja (Teddy Bear)","4,5 cm alto","soja molde",600,2900,3900,5500,-85%,3490,"Uno de los productos estrella en recuerdos de eventos (precios unitarios $3.500-$4.500; pack x20 a $1.800 c/u)."
"Velas Artesanales","Virgen v1 Vela Soja","6 cm alto","soja molde",1200,3500,4990,6900,-76%,4290,"Recuerdos de bautizo, primera comunión y confirmación."
"Velas Artesanales","Virgen v2 Vela Soja (Manto Largo)","6,5 cm alto","soja molde",1200,3900,5200,7200,-77%,4490,"Vela escultórica religiosa detallada."
"Velas Artesanales","Ángel / Angelita Vela Parafina","10 cm alto","parafina",1500,4000,5800,8000,-74%,4990,"Vela de 10 cm con alas y pedestal para ceremonias."
"Velas Artesanales","Wax Melts Corazón (Bolsa 12u)","1,5 cm c/u (12 u, 120g total)","soja molde",2500,3990,5500,7500,-55%,4990,"Packs de wax melts de 80 a 120g en tiendas de aromaterapia."
"Velas Artesanales","Vela Soja en Frasco 100ml","Frasco vidrio 100ml + tapa corcho","soja recipiente 100",3490,4990,6990,9500,-50%,5990,"Vela clásica aromática en frasco 100ml con tapa."
"Velas Artesanales","Vela Soja en Frasco 200ml","Frasco vidrio 200ml + tapa corcho","soja recipiente 200",5490,7990,10990,14990,-50%,8990,"Formato mediano 200-220ml en marcas artesanales chilenas."
"Velas Artesanales","Vela Gel en Frasco 100ml","Frasco vidrio 100ml + tapa corcho","gel recipiente 100",3490,5500,7500,9990,-53%,6290,"Vela gel transparente con inclusiones o color cristal."
